[{
	"Currency": "EUR",
	"CurrencyText": "EUR",
	"__metadata": {
		"uri": "CurrencyVH('Currency%201')",
		"type": "DummyNamespace.CurrencyVHType"
	}
}, {
	"Currency": "INR",
	"CurrencyText": "INR",
	"__metadata": {
		"uri": "CurrencyVH('Currency%202')",
		"type": "DummyNamespace.CurrencyVHType"
	}
}, {
	"Currency": "USD",
	"CurrencyText": "USD",
	"__metadata": {
		"uri": "CurrencyVH('Currency%203')",
		"type": "DummyNamespace.CurrencyVHType"
	}
}, {
	"Currency": "AED",
	"CurrencyText": "AED",
	"__metadata": {
		"uri": "CurrencyVH('Currency%204')",
		"type": "DummyNamespace.CurrencyVHType"
	}
}, {
	"Currency": "GBP",
	"CurrencyText": "GBP",
	"__metadata": {
		"uri": "CurrencyVH('Currency%205')",
		"type": "DummyNamespace.CurrencyVHType"
	}
}]