[{
	"ID": "ID 1",
	"SalesOrder": "SalesOrder 1",
	"SalesOrderItem": "SalesOrderItem 1",
	"DeliveryCalendarDate": "/Date(1130493535000)/",
	"DeliveryCalendarYear": "DeliveryCalendarYear 1",
	"DeliveryCalendarQuarter": "DeliveryCalendarQuarter 1",
	"DeliveryCalendarQuarterT": "DeliveryCalendarQuarterT 1",
	"DeliveryCalendarMonth": "01",
	"DeliveryCalendarMonthT": "Jan",
	"Product": "Product 1",
	"ProductName": "ProductName 1",
	"NetProductPrice": 6559.56,
	"ProductCategory": "ProductCategory 1",
	"MainProductCategory": "MainProductCategory 1",
	"SalesOrderOverallStatus": "SalesOrderOverallStatus 1",
	"SalesOrderOverallStatusT": "SalesOrderOverallStatusT 1",
	"SoldToParty": "SoldToParty 1",
	"SoldToPartyCompanyName": "SoldToPartyCompanyName 1",
	"SoldToPartyCountry": "SoldToPartyCountry 1",
	"SoldToPartyCountryName": "SoldToPartyCountryName 1",
	"Supplier": "Supplier 1",
	"SupplierCompanyName": "SupplierCompanyName 1",
	"GrossAmount": 5818.42,
	"NetAmount": 4955.31,
	"TaxAmount": 7983.09,
	"Currency": "USD",
	"CurrencyT": "USD",
	"Quantity": 9,
	"QuantityUnit": "QuantityUnit 1",
	"QuantityUnitT": "QuantityUnitT 1",
	"__metadata": {
		"uri": "SO_SALESORDERANALYSIS('ID%201')",
		"type": "DummyNamespace.SO_SALESORDERANALYSISType"
	},
	"to_Product": {
		"__deferred": {
			"uri": "SO_SALESORDERANALYSIS('ID%201')/to_Product"
		}
	},
	"to_SalesOrder": {
		"__deferred": {
			"uri": "SO_SALESORDERANALYSIS('ID%201')/to_SalesOrder"
		}
	},
	"to_SalesOrderItem": {
		"__deferred": {
			"uri": "SO_SALESORDERANALYSIS('ID%201')/to_SalesOrderItem"
		}
	}
}, {
	"ID": "ID 2",
	"SalesOrder": "SalesOrder 2",
	"SalesOrderItem": "SalesOrderItem 2",
	"DeliveryCalendarDate": "/Date(1542880735000)/",
	"DeliveryCalendarYear": "DeliveryCalendarYear 2",
	"DeliveryCalendarQuarter": "DeliveryCalendarQuarter 2",
	"DeliveryCalendarQuarterT": "DeliveryCalendarQuarterT 2",
	"DeliveryCalendarMonth": "02",
	"DeliveryCalendarMonthT": "Feb",
	"Product": "Product 2",
	"ProductName": "ProductName 2",
	"NetProductPrice": 8330.98,
	"ProductCategory": "ProductCategory 2",
	"MainProductCategory": "MainProductCategory 2",
	"SalesOrderOverallStatus": "SalesOrderOverallStatus 2",
	"SalesOrderOverallStatusT": "SalesOrderOverallStatusT 2",
	"SoldToParty": "SoldToParty 2",
	"SoldToPartyCompanyName": "SoldToPartyCompanyName 2",
	"SoldToPartyCountry": "SoldToPartyCountry 2",
	"SoldToPartyCountryName": "SoldToPartyCountryName 2",
	"Supplier": "Supplier 2",
	"SupplierCompanyName": "SupplierCompanyName 2",
	"GrossAmount": 5181.79,
	"NetAmount": 4149.92,
	"TaxAmount": 9542.43,
	"Currency": "USD",
	"CurrencyT": "USD",
	"Quantity": 416,
	"QuantityUnit": "QuantityUnit 2",
	"QuantityUnitT": "QuantityUnitT 2",
	"__metadata": {
		"uri": "SO_SALESORDERANALYSIS('ID%202')",
		"type": "DummyNamespace.SO_SALESORDERANALYSISType"
	},
	"to_Product": {
		"__deferred": {
			"uri": "SO_SALESORDERANALYSIS('ID%202')/to_Product"
		}
	},
	"to_SalesOrder": {
		"__deferred": {
			"uri": "SO_SALESORDERANALYSIS('ID%202')/to_SalesOrder"
		}
	},
	"to_SalesOrderItem": {
		"__deferred": {
			"uri": "SO_SALESORDERANALYSIS('ID%202')/to_SalesOrderItem"
		}
	}
}, {
	"ID": "ID 3",
	"SalesOrder": "SalesOrder 3",
	"SalesOrderItem": "SalesOrderItem 3",
	"DeliveryCalendarDate": "/Date(1376560735000)/",
	"DeliveryCalendarYear": "DeliveryCalendarYear 3",
	"DeliveryCalendarQuarter": "DeliveryCalendarQuarter 3",
	"DeliveryCalendarQuarterT": "DeliveryCalendarQuarterT 3",
	"DeliveryCalendarMonth": "03",
	"DeliveryCalendarMonthT": "Mar",
	"Product": "Product 3",
	"ProductName": "ProductName 3",
	"NetProductPrice": 8281.11,
	"ProductCategory": "ProductCategory 3",
	"MainProductCategory": "MainProductCategory 3",
	"SalesOrderOverallStatus": "SalesOrderOverallStatus 3",
	"SalesOrderOverallStatusT": "SalesOrderOverallStatusT 3",
	"SoldToParty": "SoldToParty 3",
	"SoldToPartyCompanyName": "SoldToPartyCompanyName 3",
	"SoldToPartyCountry": "SoldToPartyCountry 3",
	"SoldToPartyCountryName": "SoldToPartyCountryName 3",
	"Supplier": "Supplier 3",
	"SupplierCompanyName": "SupplierCompanyName 3",
	"GrossAmount": 3846.1,
	"NetAmount": 5995.63,
	"TaxAmount": 9209.73,
	"Currency": "USD",
	"CurrencyT": "USD",
	"Quantity": 6671,
	"QuantityUnit": "QuantityUnit 3",
	"QuantityUnitT": "QuantityUnitT 3",
	"__metadata": {
		"uri": "SO_SALESORDERANALYSIS('ID%203')",
		"type": "DummyNamespace.SO_SALESORDERANALYSISType"
	},
	"to_Product": {
		"__deferred": {
			"uri": "SO_SALESORDERANALYSIS('ID%203')/to_Product"
		}
	},
	"to_SalesOrder": {
		"__deferred": {
			"uri": "SO_SALESORDERANALYSIS('ID%203')/to_SalesOrder"
		}
	},
	"to_SalesOrderItem": {
		"__deferred": {
			"uri": "SO_SALESORDERANALYSIS('ID%203')/to_SalesOrderItem"
		}
	}
}, {
	"ID": "ID 4",
	"SalesOrder": "SalesOrder 4",
	"SalesOrderItem": "SalesOrderItem 4",
	"DeliveryCalendarDate": "/Date(1177927135000)/",
	"DeliveryCalendarYear": "DeliveryCalendarYear 4",
	"DeliveryCalendarQuarter": "DeliveryCalendarQuarter 4",
	"DeliveryCalendarQuarterT": "DeliveryCalendarQuarterT 4",
	"DeliveryCalendarMonth": "01",
	"DeliveryCalendarMonthT": "Jan",
	"Product": "Product 4",
	"ProductName": "ProductName 4",
	"NetProductPrice": 9932.5,
	"ProductCategory": "ProductCategory 4",
	"MainProductCategory": "MainProductCategory 4",
	"SalesOrderOverallStatus": "SalesOrderOverallStatus 4",
	"SalesOrderOverallStatusT": "SalesOrderOverallStatusT 4",
	"SoldToParty": "SoldToParty 4",
	"SoldToPartyCompanyName": "SoldToPartyCompanyName 4",
	"SoldToPartyCountry": "SoldToPartyCountry 4",
	"SoldToPartyCountryName": "SoldToPartyCountryName 4",
	"Supplier": "Supplier 4",
	"SupplierCompanyName": "SupplierCompanyName 4",
	"GrossAmount": 201.69,
	"NetAmount": 3240.79,
	"TaxAmount": 8947.1,
	"Currency": "USD",
	"CurrencyT": "USD",
	"Quantity": 2613,
	"QuantityUnit": "QuantityUnit 4",
	"QuantityUnitT": "QuantityUnitT 4",
	"__metadata": {
		"uri": "SO_SALESORDERANALYSIS('ID%204')",
		"type": "DummyNamespace.SO_SALESORDERANALYSISType"
	},
	"to_Product": {
		"__deferred": {
			"uri": "SO_SALESORDERANALYSIS('ID%204')/to_Product"
		}
	},
	"to_SalesOrder": {
		"__deferred": {
			"uri": "SO_SALESORDERANALYSIS('ID%204')/to_SalesOrder"
		}
	},
	"to_SalesOrderItem": {
		"__deferred": {
			"uri": "SO_SALESORDERANALYSIS('ID%204')/to_SalesOrderItem"
		}
	}
}, {
	"ID": "ID 5",
	"SalesOrder": "SalesOrder 5",
	"SalesOrderItem": "SalesOrderItem 5",
	"DeliveryCalendarDate": "/Date(1158832735000)/",
	"DeliveryCalendarYear": "DeliveryCalendarYear 5",
	"DeliveryCalendarQuarter": "DeliveryCalendarQuarter 5",
	"DeliveryCalendarQuarterT": "DeliveryCalendarQuarterT 5",
	"DeliveryCalendarMonth": "02",
	"DeliveryCalendarMonthT": "Feb",
	"Product": "Product 5",
	"ProductName": "ProductName 5",
	"NetProductPrice": 3129.69,
	"ProductCategory": "ProductCategory 5",
	"MainProductCategory": "MainProductCategory 5",
	"SalesOrderOverallStatus": "SalesOrderOverallStatus 5",
	"SalesOrderOverallStatusT": "SalesOrderOverallStatusT 5",
	"SoldToParty": "SoldToParty 5",
	"SoldToPartyCompanyName": "SoldToPartyCompanyName 5",
	"SoldToPartyCountry": "SoldToPartyCountry 5",
	"SoldToPartyCountryName": "SoldToPartyCountryName 5",
	"Supplier": "Supplier 5",
	"SupplierCompanyName": "SupplierCompanyName 5",
	"GrossAmount": 3214.85,
	"NetAmount": 3884.89,
	"TaxAmount": 6235.89,
	"Currency": "USD",
	"CurrencyT": "USD",
	"Quantity": 7960,
	"QuantityUnit": "QuantityUnit 5",
	"QuantityUnitT": "QuantityUnitT 5",
	"__metadata": {
		"uri": "SO_SALESORDERANALYSIS('ID%205')",
		"type": "DummyNamespace.SO_SALESORDERANALYSISType"
	},
	"to_Product": {
		"__deferred": {
			"uri": "SO_SALESORDERANALYSIS('ID%205')/to_Product"
		}
	},
	"to_SalesOrder": {
		"__deferred": {
			"uri": "SO_SALESORDERANALYSIS('ID%205')/to_SalesOrder"
		}
	},
	"to_SalesOrderItem": {
		"__deferred": {
			"uri": "SO_SALESORDERANALYSIS('ID%205')/to_SalesOrderItem"
		}
	}
}, {
	"ID": "ID 6",
	"SalesOrder": "SalesOrder 6",
	"SalesOrderItem": "SalesOrderItem 6",
	"DeliveryCalendarDate": "/Date(1406627935000)/",
	"DeliveryCalendarYear": "DeliveryCalendarYear 6",
	"DeliveryCalendarQuarter": "DeliveryCalendarQuarter 6",
	"DeliveryCalendarQuarterT": "DeliveryCalendarQuarterT 6",
	"DeliveryCalendarMonth": "03",
	"DeliveryCalendarMonthT": "Mar",
	"Product": "Product 6",
	"ProductName": "ProductName 6",
	"NetProductPrice": 9230.56,
	"ProductCategory": "ProductCategory 6",
	"MainProductCategory": "MainProductCategory 6",
	"SalesOrderOverallStatus": "SalesOrderOverallStatus 6",
	"SalesOrderOverallStatusT": "SalesOrderOverallStatusT 6",
	"SoldToParty": "SoldToParty 6",
	"SoldToPartyCompanyName": "SoldToPartyCompanyName 6",
	"SoldToPartyCountry": "SoldToPartyCountry 6",
	"SoldToPartyCountryName": "SoldToPartyCountryName 6",
	"Supplier": "Supplier 6",
	"SupplierCompanyName": "SupplierCompanyName 6",
	"GrossAmount": 2498.19,
	"NetAmount": 9692.81,
	"TaxAmount": 5500.82,
	"Currency": "EUR",
	"CurrencyT": "EUR",
	"Quantity": 2584,
	"QuantityUnit": "QuantityUnit 6",
	"QuantityUnitT": "QuantityUnitT 6",
	"__metadata": {
		"uri": "SO_SALESORDERANALYSIS('ID%206')",
		"type": "DummyNamespace.SO_SALESORDERANALYSISType"
	},
	"to_Product": {
		"__deferred": {
			"uri": "SO_SALESORDERANALYSIS('ID%206')/to_Product"
		}
	},
	"to_SalesOrder": {
		"__deferred": {
			"uri": "SO_SALESORDERANALYSIS('ID%206')/to_SalesOrder"
		}
	},
	"to_SalesOrderItem": {
		"__deferred": {
			"uri": "SO_SALESORDERANALYSIS('ID%206')/to_SalesOrderItem"
		}
	}
}, {
	"ID": "ID 7",
	"SalesOrder": "SalesOrder 7",
	"SalesOrderItem": "SalesOrderItem 7",
	"DeliveryCalendarDate": "/Date(1443002335000)/",
	"DeliveryCalendarYear": "DeliveryCalendarYear 7",
	"DeliveryCalendarQuarter": "DeliveryCalendarQuarter 7",
	"DeliveryCalendarQuarterT": "DeliveryCalendarQuarterT 7",
	"DeliveryCalendarMonth": "01",
	"DeliveryCalendarMonthT": "Jan",
	"Product": "Product 7",
	"ProductName": "ProductName 7",
	"NetProductPrice": 2522.1,
	"ProductCategory": "ProductCategory 7",
	"MainProductCategory": "MainProductCategory 7",
	"SalesOrderOverallStatus": "SalesOrderOverallStatus 7",
	"SalesOrderOverallStatusT": "SalesOrderOverallStatusT 7",
	"SoldToParty": "SoldToParty 7",
	"SoldToPartyCompanyName": "SoldToPartyCompanyName 7",
	"SoldToPartyCountry": "SoldToPartyCountry 7",
	"SoldToPartyCountryName": "SoldToPartyCountryName 7",
	"Supplier": "Supplier 7",
	"SupplierCompanyName": "SupplierCompanyName 7",
	"GrossAmount": 6191.29,
	"NetAmount": 499.84,
	"TaxAmount": 7714.93,
	"Currency": "EUR",
	"CurrencyT": "EUR",
	"Quantity": 5101,
	"QuantityUnit": "QuantityUnit 7",
	"QuantityUnitT": "QuantityUnitT 7",
	"__metadata": {
		"uri": "SO_SALESORDERANALYSIS('ID%207')",
		"type": "DummyNamespace.SO_SALESORDERANALYSISType"
	},
	"to_Product": {
		"__deferred": {
			"uri": "SO_SALESORDERANALYSIS('ID%207')/to_Product"
		}
	},
	"to_SalesOrder": {
		"__deferred": {
			"uri": "SO_SALESORDERANALYSIS('ID%207')/to_SalesOrder"
		}
	},
	"to_SalesOrderItem": {
		"__deferred": {
			"uri": "SO_SALESORDERANALYSIS('ID%207')/to_SalesOrderItem"
		}
	}
}, {
	"ID": "ID 8",
	"SalesOrder": "SalesOrder 8",
	"SalesOrderItem": "SalesOrderItem 8",
	"DeliveryCalendarDate": "/Date(1561715935000)/",
	"DeliveryCalendarYear": "DeliveryCalendarYear 8",
	"DeliveryCalendarQuarter": "DeliveryCalendarQuarter 8",
	"DeliveryCalendarQuarterT": "DeliveryCalendarQuarterT 8",
	"DeliveryCalendarMonth": "02",
	"DeliveryCalendarMonthT": "Feb",
	"Product": "Product 8",
	"ProductName": "ProductName 8",
	"NetProductPrice": 1052.36,
	"ProductCategory": "ProductCategory 8",
	"MainProductCategory": "MainProductCategory 8",
	"SalesOrderOverallStatus": "SalesOrderOverallStatus 8",
	"SalesOrderOverallStatusT": "SalesOrderOverallStatusT 8",
	"SoldToParty": "SoldToParty 8",
	"SoldToPartyCompanyName": "SoldToPartyCompanyName 8",
	"SoldToPartyCountry": "SoldToPartyCountry 8",
	"SoldToPartyCountryName": "SoldToPartyCountryName 8",
	"Supplier": "Supplier 8",
	"SupplierCompanyName": "SupplierCompanyName 8",
	"GrossAmount": 6542.08,
	"NetAmount": 2780.94,
	"TaxAmount": 8585.07,
	"Currency": "EUR",
	"CurrencyT": "EUR",
	"Quantity": 7638,
	"QuantityUnit": "QuantityUnit 8",
	"QuantityUnitT": "QuantityUnitT 8",
	"__metadata": {
		"uri": "SO_SALESORDERANALYSIS('ID%208')",
		"type": "DummyNamespace.SO_SALESORDERANALYSISType"
	},
	"to_Product": {
		"__deferred": {
			"uri": "SO_SALESORDERANALYSIS('ID%208')/to_Product"
		}
	},
	"to_SalesOrder": {
		"__deferred": {
			"uri": "SO_SALESORDERANALYSIS('ID%208')/to_SalesOrder"
		}
	},
	"to_SalesOrderItem": {
		"__deferred": {
			"uri": "SO_SALESORDERANALYSIS('ID%208')/to_SalesOrderItem"
		}
	}
}, {
	"ID": "ID 9",
	"SalesOrder": "SalesOrder 9",
	"SalesOrderItem": "SalesOrderItem 9",
	"DeliveryCalendarDate": "/Date(977219935000)/",
	"DeliveryCalendarYear": "DeliveryCalendarYear 9",
	"DeliveryCalendarQuarter": "DeliveryCalendarQuarter 9",
	"DeliveryCalendarQuarterT": "DeliveryCalendarQuarterT 9",
	"DeliveryCalendarMonth": "03",
	"DeliveryCalendarMonthT": "Mar",
	"Product": "Product 9",
	"ProductName": "ProductName 9",
	"NetProductPrice": 1297.53,
	"ProductCategory": "ProductCategory 9",
	"MainProductCategory": "MainProductCategory 9",
	"SalesOrderOverallStatus": "SalesOrderOverallStatus 9",
	"SalesOrderOverallStatusT": "SalesOrderOverallStatusT 9",
	"SoldToParty": "SoldToParty 9",
	"SoldToPartyCompanyName": "SoldToPartyCompanyName 9",
	"SoldToPartyCountry": "SoldToPartyCountry 9",
	"SoldToPartyCountryName": "SoldToPartyCountryName 9",
	"Supplier": "Supplier 9",
	"SupplierCompanyName": "SupplierCompanyName 9",
	"GrossAmount": 6263.85,
	"NetAmount": 2711.6,
	"TaxAmount": 4604.92,
	"Currency": "EUR",
	"CurrencyT": "EUR",
	"Quantity": 100,
	"QuantityUnit": "QuantityUnit 9",
	"QuantityUnitT": "QuantityUnitT 9",
	"__metadata": {
		"uri": "SO_SALESORDERANALYSIS('ID%209')",
		"type": "DummyNamespace.SO_SALESORDERANALYSISType"
	},
	"to_Product": {
		"__deferred": {
			"uri": "SO_SALESORDERANALYSIS('ID%209')/to_Product"
		}
	},
	"to_SalesOrder": {
		"__deferred": {
			"uri": "SO_SALESORDERANALYSIS('ID%209')/to_SalesOrder"
		}
	},
	"to_SalesOrderItem": {
		"__deferred": {
			"uri": "SO_SALESORDERANALYSIS('ID%209')/to_SalesOrderItem"
		}
	}
}, {
	"ID": "ID 10",
	"SalesOrder": "SalesOrder 10",
	"SalesOrderItem": "SalesOrderItem 10",
	"DeliveryCalendarDate": "/Date(1275127135000)/",
	"DeliveryCalendarYear": "DeliveryCalendarYear 10",
	"DeliveryCalendarQuarter": "DeliveryCalendarQuarter 10",
	"DeliveryCalendarQuarterT": "DeliveryCalendarQuarterT 10",
	"DeliveryCalendarMonth": "04",
	"DeliveryCalendarMonthT": "Apr",
	"Product": "Product 10",
	"ProductName": "ProductName 10",
	"NetProductPrice": 7222.39,
	"ProductCategory": "ProductCategory 10",
	"MainProductCategory": "MainProductCategory 10",
	"SalesOrderOverallStatus": "SalesOrderOverallStatus 10",
	"SalesOrderOverallStatusT": "SalesOrderOverallStatusT 10",
	"SoldToParty": "SoldToParty 10",
	"SoldToPartyCompanyName": "SoldToPartyCompanyName 10",
	"SoldToPartyCountry": "SoldToPartyCountry 10",
	"SoldToPartyCountryName": "SoldToPartyCountryName 10",
	"Supplier": "Supplier 10",
	"SupplierCompanyName": "SupplierCompanyName 10",
	"GrossAmount": 3831.36,
	"NetAmount": 1212.53,
	"TaxAmount": 7248.57,
	"Currency": "EUR",
	"CurrencyT": "EUR",
	"Quantity": 8688,
	"QuantityUnit": "QuantityUnit 10",
	"QuantityUnitT": "QuantityUnitT 10",
	"__metadata": {
		"uri": "SO_SALESORDERANALYSIS('ID%2010')",
		"type": "DummyNamespace.SO_SALESORDERANALYSISType"
	},
	"to_Product": {
		"__deferred": {
			"uri": "SO_SALESORDERANALYSIS('ID%2010')/to_Product"
		}
	},
	"to_SalesOrder": {
		"__deferred": {
			"uri": "SO_SALESORDERANALYSIS('ID%2010')/to_SalesOrder"
		}
	},
	"to_SalesOrderItem": {
		"__deferred": {
			"uri": "SO_SALESORDERANALYSIS('ID%2010')/to_SalesOrderItem"
		}
	}
}]