[{
	"ID": "ID 1",
	"DeliveryCalendarMonth": "Jan",
	"CalendarMonthT": "Jan",
	"KPIValue": 3884.55,
	"ReferenceValue": 3343.12,
	"KPITargetValue": 6092.14,
	"KPIDeviationRangeLowValue": 568.55,
	"KPIToleranceRangeLowValue": 3888.35,
	"Currency": "EUR",
	"CurrencyT": "EUR",
	"__metadata": {
		"uri": "SO_TOTALSalesKPI('ID%201')",
		"type": "DummyNamespace.SO_TOTALSalesKPIType"
	}
}, {
	"ID": "ID 2",
	"DeliveryCalendarMonth": "Feb",
	"CalendarMonthT": "Feb",
	"KPIValue": 530.07,
	"ReferenceValue": 407.22,
	"KPITargetValue": 343.56,
	"KPIDeviationRangeLowValue": 5267.52,
	"KPIToleranceRangeLowValue": 6312.86,
	"Currency": "EUR",
	"CurrencyT": "EUR",
	"__metadata": {
		"uri": "SO_TOTALSalesKPI('ID%202')",
		"type": "DummyNamespace.SO_TOTALSalesKPIType"
	}
}, {
	"ID": "ID 3",
	"DeliveryCalendarMonth": "Mar",
	"CalendarMonthT": "Mar",
	"KPIValue": 5076.82,
	"ReferenceValue": 7853.04,
	"KPITargetValue": 3050.32,
	"KPIDeviationRangeLowValue": 7372.32,
	"KPIToleranceRangeLowValue": 7854.58,
	"Currency": "EUR",
	"CurrencyT": "EUR",
	"__metadata": {
		"uri": "SO_TOTALSalesKPI('ID%203')",
		"type": "DummyNamespace.SO_TOTALSalesKPIType"
	}
}, {
	"ID": "ID 4",
	"DeliveryCalendarMonth": "Jan",
	"CalendarMonthT": "Jan",
	"KPIValue": 7954.84,
	"ReferenceValue": 279.37,
	"KPITargetValue": 6758.99,
	"KPIDeviationRangeLowValue": 6999.58,
	"KPIToleranceRangeLowValue": 209.36,
	"Currency": "USD",
	"CurrencyT": "USD",
	"__metadata": {
		"uri": "SO_TOTALSalesKPI('ID%204')",
		"type": "DummyNamespace.SO_TOTALSalesKPIType"
	}
}, {
	"ID": "ID 5",
	"DeliveryCalendarMonth": "Feb",
	"CalendarMonthT": "Feb",
	"KPIValue": 4909.64,
	"ReferenceValue": 4224.39,
	"KPITargetValue": 3175.46,
	"KPIDeviationRangeLowValue": 8372.68,
	"KPIToleranceRangeLowValue": 7406.9,
	"Currency": "USD",
	"CurrencyT": "USD",
	"__metadata": {
		"uri": "SO_TOTALSalesKPI('ID%205')",
		"type": "DummyNamespace.SO_TOTALSalesKPIType"
	}
}, {
	"ID": "ID 6",
	"DeliveryCalendarMonth": "Mar",
	"CalendarMonthT": "Mar",
	"KPIValue": 8660.78,
	"ReferenceValue": 3953.33,
	"KPITargetValue": 6119.92,
	"KPIDeviationRangeLowValue": 3251.79,
	"KPIToleranceRangeLowValue": 6481.22,
	"Currency": "EUR",
	"CurrencyT": "EUR",
	"__metadata": {
		"uri": "SO_TOTALSalesKPI('ID%206')",
		"type": "DummyNamespace.SO_TOTALSalesKPIType"
	}
}, {
	"ID": "ID 7",
	"DeliveryCalendarMonth": "Jan",
	"CalendarMonthT": "Jan",
	"KPIValue": 2555.64,
	"ReferenceValue": 4509.18,
	"KPITargetValue": 7245.6,
	"KPIDeviationRangeLowValue": 3477.63,
	"KPIToleranceRangeLowValue": 7143.52,
	"Currency": "EUR",
	"CurrencyT": "EUR",
	"__metadata": {
		"uri": "SO_TOTALSalesKPI('ID%207')",
		"type": "DummyNamespace.SO_TOTALSalesKPIType"
	}
}, {
	"ID": "ID 8",
	"DeliveryCalendarMonth": "Feb ",
	"CalendarMonthT": "Feb",
	"KPIValue": 1130.89,
	"ReferenceValue": 3161.42,
	"KPITargetValue": 8831.09,
	"KPIDeviationRangeLowValue": 7645.44,
	"KPIToleranceRangeLowValue": 8804.28,
	"Currency": "USD",
	"CurrencyT": "USD",
	"__metadata": {
		"uri": "SO_TOTALSalesKPI('ID%208')",
		"type": "DummyNamespace.SO_TOTALSalesKPIType"
	}
}, {
	"ID": "ID 9",
	"DeliveryCalendarMonth": "Mar",
	"CalendarMonthT": "Mar",
	"KPIValue": 8485.05,
	"ReferenceValue": 4867.16,
	"KPITargetValue": 1567.58,
	"KPIDeviationRangeLowValue": 2786.92,
	"KPIToleranceRangeLowValue": 8119.47,
	"Currency": "USD",
	"CurrencyT": "USD",
	"__metadata": {
		"uri": "SO_TOTALSalesKPI('ID%209')",
		"type": "DummyNamespace.SO_TOTALSalesKPIType"
	}
}, {
	"ID": "ID 10",
	"DeliveryCalendarMonth": "Feb",
	"CalendarMonthT": "Feb",
	"KPIValue": 3222.69,
	"ReferenceValue": 6516.44,
	"KPITargetValue": 8009.12,
	"KPIDeviationRangeLowValue": 2604.85,
	"KPIToleranceRangeLowValue": 6021.5,
	"Currency": "USD",
	"CurrencyT": "USD",
	"__metadata": {
		"uri": "SO_TOTALSalesKPI('ID%2010')",
		"type": "DummyNamespace.SO_TOTALSalesKPIType"
	}
}]