<edmx:Edmx xmlns:edmx="http://docs.oasis-open.org/odata/ns/edmx" Version="4.0">
	<edmx:Reference Uri="https://oasis-tcs.github.io/odata-vocabularies/vocabularies/Org.OData.Aggregation.V1.xml">
		<edmx:Include Alias="Aggregation" Namespace="Org.OData.Aggregation.V1"/>
	</edmx:Reference>
	<edmx:Reference Uri="https://oasis-tcs.github.io/odata-vocabularies/vocabularies/Org.OData.Authorization.V1.xml">
		<edmx:Include Alias="Auth" Namespace="Org.OData.Authorization.V1"/>
	</edmx:Reference>
	<edmx:Reference Uri="https://oasis-tcs.github.io/odata-vocabularies/vocabularies/Org.OData.Capabilities.V1.xml">
		<edmx:Include Alias="Capabilities" Namespace="Org.OData.Capabilities.V1"/>
	</edmx:Reference>
	<edmx:Reference Uri="https://wiki.scn.sap.com/wiki/download/attachments/448470974/Common.xml?api=v2">
		<edmx:Include Alias="Common" Namespace="com.sap.vocabularies.Common.v1"/>
	</edmx:Reference>
	<edmx:Reference Uri="https://wiki.scn.sap.com/wiki/download/attachments/448470971/Communication.xml?api=v2">
		<edmx:Include Alias="Communication" Namespace="com.sap.vocabularies.Communication.v1"/>
	</edmx:Reference>
	<edmx:Reference Uri="https://oasis-tcs.github.io/odata-vocabularies/vocabularies/Org.OData.Core.V1.xml">
		<edmx:Include Alias="Core" Namespace="Org.OData.Core.V1"/>
	</edmx:Reference>
	<edmx:Reference Uri="https://oasis-tcs.github.io/odata-vocabularies/vocabularies/Org.OData.Measures.V1.xml">
		<edmx:Include Alias="Measures" Namespace="Org.OData.Measures.V1"/>
	</edmx:Reference>
	<edmx:Reference Uri="https://wiki.scn.sap.com/wiki/download/attachments/448470968/UI.xml?api=v2">
		<edmx:Include Alias="UI" Namespace="com.sap.vocabularies.UI.v1"/>
	</edmx:Reference>
	<edmx:Reference Uri="https://oasis-tcs.github.io/odata-vocabularies/vocabularies/Org.OData.Validation.V1.xml">
		<edmx:Include Alias="Validation" Namespace="Org.OData.Validation.V1"/>
	</edmx:Reference>
	<edmx:DataServices>
		<Schema xmlns="http://docs.oasis-open.org/odata/ns/edm">
			<Annotations Target="DummyNamespace.SO_SALESORDERANALYSISType">
				<Annotation Term="UI.SelectionPresentationVariant">
					<Record Type="UI.SelectionPresentationVariantType">
						<PropertyValue Property="SelectionVariant">
							<AnnotationPath>@UI.SelectionVariant#Default</AnnotationPath>
						</PropertyValue>
						<PropertyValue Property="PresentationVariant">
							<AnnotationPath>@UI.PresentationVariant#Default</AnnotationPath>
						</PropertyValue>
					</Record>
				</Annotation>
				<Annotation Term="UI.SelectionVariant" Qualifier="Default">
					<Record>
						<PropertyValue Property="Text" String="Default"/>
						<PropertyValue Property="SelectOptions">
							<Collection>
								<Record Type="UI.SelectOptionType">
									<PropertyValue Property="PropertyName" PropertyPath="GrossAmount"/>
									<PropertyValue Property="Ranges">
										<Collection>
											<Record Type="UI.SelectionRangeType">
												<PropertyValue Property="Sign" EnumMember="UI.SelectionRangeSignType/I"/>
												<PropertyValue Property="Option" EnumMember="UI.SelectionRangeOptionType/GE"/>
												<PropertyValue Property="Low" String="100"/>
											</Record>
										</Collection>
									</PropertyValue>
								</Record>
							</Collection>
						</PropertyValue>
					</Record>
				</Annotation>
				<Annotation Term="UI.PresentationVariant" Qualifier="Default">
					<Record>
						<PropertyValue Property="Text" String="KPI: Net Sales per Calendar Month"/>
						<PropertyValue Property="SortOrder">
							<Collection>
								<Record Type="Common.SortOrderType">
									<PropertyValue Property="Property" PropertyPath="NetAmount"/>
									<PropertyValue Property="Descending" Bool="false"/>
								</Record>
							</Collection>
						</PropertyValue>
						<PropertyValue Property="Visualizations">
							<Collection>
								<AnnotationPath>@UI.Chart#Default</AnnotationPath>
								<AnnotationPath>@UI.LineItem#Default</AnnotationPath>
							</Collection>
						</PropertyValue>
					</Record>
				</Annotation>
				<Annotation Term="UI.Chart" Qualifier="Default">
					<Record Type="UI.ChartDefinitionType">
						<PropertyValue Property="Title" String="Sales per Month, Current Year"/>
						<PropertyValue Property="Description" String="Net Sales per Calendar Month"/>
						<PropertyValue Property="ChartType" EnumMember="UI.ChartType/Line"/>
						<PropertyValue Property="Dimensions">
							<Collection>
								<PropertyPath>DeliveryCalendarMonth</PropertyPath>
							</Collection>
						</PropertyValue>
						<PropertyValue Property="DimensionAttributes">
							<Collection>
								<Record Type="UI.ChartDimensionAttributeType">
									<PropertyValue Property="Dimension" PropertyPath="DeliveryCalendarMonth"/>
									<PropertyValue Property="Role" EnumMember="UI.ChartDimensionRoleType/Category"/>
								</Record>
							</Collection>
						</PropertyValue>
						<PropertyValue Property="Measures">
							<Collection>
								<PropertyPath>NetAmount</PropertyPath>
							</Collection>
						</PropertyValue>
						<PropertyValue Property="MeasureAttributes">
							<Collection>
								<Record Type="UI.ChartMeasureAttributeType">
									<PropertyValue Property="Measure" PropertyPath="NetAmount"/>
									<PropertyValue Property="Role" EnumMember="UI.ChartMeasureRoleType/Axis1"/>
									<PropertyValue Property="DataPoint" AnnotationPath="@UI.DataPoint#KPIValue"/>
								</Record>
							</Collection>
						</PropertyValue>
					</Record>
				</Annotation>
				<Annotation Term="UI.LineItem" Qualifier="Default">
					<Collection>
						<Record Type="UI.DataField">
							<PropertyValue Property="Value" Path="Currency"/>
						</Record>
						<Record Type="UI.DataField">
							<PropertyValue Property="Value" Path="Product"/>
						</Record>
						<Record Type="UI.DataField">
							<PropertyValue Property="Value" Path="NetProductPrice"/>
						</Record>
					</Collection>
				</Annotation>
			</Annotations>
			<Annotations Target="DummyNamespace.SO_SALESORDERANALYSISType/Currency">
				<Annotation Term="Common.FilterDefaultValue" String="EUR"/>
				<Annotation Term="Common.ValueList">
					<Record>
						<PropertyValue Property="Label" String="Currency"/>
						<PropertyValue Property="CollectionPath" String="CurrencyVH"/>
						<PropertyValue Property="SearchSupported" Bool="true"/>
						<PropertyValue Property="Parameters">
							<Collection>
								<Record Type="Common.ValueListParameterInOut">
									<PropertyValue Property="LocalDataProperty" PropertyPath="Currency"/>
									<PropertyValue Property="ValueListProperty" String="Currency"/>
								</Record>
								<Record Type="Common.ValueListParameterInOut">
									<PropertyValue Property="LocalDataProperty" PropertyPath="CurrencyT"/>
									<PropertyValue Property="ValueListProperty" String="CurrencyText"/>
								</Record>
							</Collection>
						</PropertyValue>
					</Record>
				</Annotation>
			</Annotations>
			<Annotations Target="DummyNamespace.SO_TOTALSalesKPIType">
				<Annotation Term="UI.Chart" Qualifier="KPIRevenue">
					<Record Type="UI.ChartDefinitionType">
						<PropertyValue Property="ChartType" EnumMember="UI.ChartType/Line"/>
						<PropertyValue Property="Measures">
							<Collection>
								<PropertyPath>KPIValue</PropertyPath>
							</Collection>
						</PropertyValue>
						<PropertyValue Property="MeasureAttributes">
							<Collection>
								<Record Type="UI.ChartMeasureAttributeType">
									<PropertyValue Property="Measure" PropertyPath="KPIValue"/>
									<PropertyValue Property="Role" EnumMember="UI.ChartMeasureRoleType/Axis1"/>
								</Record>
							</Collection>
						</PropertyValue>
						<PropertyValue Property="Dimensions">
							<Collection>
								<PropertyPath>CalendarMonthT</PropertyPath>
							</Collection>
						</PropertyValue>
						<PropertyValue Property="DimensionAttributes">
							<Collection>
								<Record Type="UI.ChartDimensionAttributeType">
									<PropertyValue Property="Dimension" PropertyPath="CalendarMonthT"/>
									<PropertyValue Property="Role" EnumMember="UI.ChartDimensionRoleType/Category"/>
								</Record>
							</Collection>
						</PropertyValue>
					</Record>
				</Annotation>
				<Annotation Term="UI.SelectionVariant" Qualifier="KPIRevenue">
					<Record Type="UI.SelectionVariantType">
						<PropertyValue Property="SelectOptions">
							<Collection>
								<Record Type="UI.SelectOptionType">
									<PropertyValue Property="PropertyName" PropertyPath="KPIValue"/>
									<PropertyValue Property="Ranges">
										<Collection>
											<Record Type="UI.SelectionRangeType">
												<PropertyValue Property="Sign" EnumMember="UI.SelectionRangeSignType/I"/>
												<PropertyValue Property="Option" EnumMember="UI.SelectionRangeOptionType/GE"/>
												<PropertyValue Property="Low" String="100"/>
											</Record>
										</Collection>
									</PropertyValue>
								</Record>
							</Collection>
						</PropertyValue>
					</Record>
				</Annotation>
				<Annotation Term="UI.PresentationVariant" Qualifier="KPIRevenue">
					<Record Type="UI.PresentationVariantType">
						<PropertyValue Property="Visualizations">
							<Collection>
								<AnnotationPath>@UI.Chart#KPIRevenue</AnnotationPath>
							</Collection>
						</PropertyValue>
					</Record>
				</Annotation>
				<Annotation Term="UI.DataPoint" Qualifier="KPIRevenue">
					<Record Type="UI.DataPointType">
						<PropertyValue Property="Title" String="Monthly Revenue KPI"/>
						<PropertyValue Property="Value" Path="KPIValue"/>
					</Record>
				</Annotation>
				<Annotation Term="UI.DataPoint" Qualifier="KPIQuantity">
					<Record Type="UI.DataPointType">
						<PropertyValue Property="Title" String="Monthly Revenue Target"/>
						<PropertyValue Property="Value" Path="KPITargetValue"/>
					</Record>
				</Annotation>
				<Annotation Term="UI.KPI" Qualifier="KPIRevenue">
					<Record Type="UI.KPIType">
						<PropertyValue Property="SelectionVariant" Path="@UI.SelectionVariant#KPIRevenue"/>
						<PropertyValue Property="DataPoint" Path="@UI.DataPoint#KPIRevenue"/>
						<PropertyValue Property="Detail">
							<Record Type="UI.KPIDetailType">
								<PropertyValue Property="DefaultPresentationVariant" Path="@UI.PresentationVariant#KPIRevenue"/>
							</Record>
						</PropertyValue>
					</Record>
				</Annotation>
				<Annotation Term="UI.KPI" Qualifier="KPIQuantity">
					<Record Type="UI.KPIType">
						<PropertyValue Property="SelectionVariant" Path="@UI.SelectionVariant#KPIRevenue"/>
						<PropertyValue Property="DataPoint" Path="@UI.DataPoint#KPIQuantity"/>
						<PropertyValue Property="Detail">
							<Record Type="UI.KPIDetailType">
								<PropertyValue Property="DefaultPresentationVariant" Path="@UI.PresentationVariant#KPIRevenue"/>
							</Record>
						</PropertyValue>
					</Record>
				</Annotation>
			</Annotations>
		</Schema>
	</edmx:DataServices>
</edmx:Edmx>