<edmx:Edmx xmlns:edmx="http://docs.oasis-open.org/odata/ns/edmx" Version="4.0">
	<edmx:Reference Uri="https://oasis-tcs.github.io/odata-vocabularies/vocabularies/Org.OData.Aggregation.V1.xml">
		<edmx:Include Alias="Aggregation" Namespace="Org.OData.Aggregation.V1"/>
	</edmx:Reference>
	<edmx:Reference Uri="https://oasis-tcs.github.io/odata-vocabularies/vocabularies/Org.OData.Authorization.V1.xml">
		<edmx:Include Alias="Auth" Namespace="Org.OData.Authorization.V1"/>
	</edmx:Reference>
	<edmx:Reference Uri="https://oasis-tcs.github.io/odata-vocabularies/vocabularies/Org.OData.Capabilities.V1.xml">
		<edmx:Include Alias="Capabilities" Namespace="Org.OData.Capabilities.V1"/>
	</edmx:Reference>
	<edmx:Reference Uri="https://wiki.scn.sap.com/wiki/download/attachments/448470974/Common.xml?api=v2">
		<edmx:Include Alias="Common" Namespace="com.sap.vocabularies.Common.v1"/>
	</edmx:Reference>
	<edmx:Reference Uri="https://wiki.scn.sap.com/wiki/download/attachments/448470971/Communication.xml?api=v2">
		<edmx:Include Alias="Communication" Namespace="com.sap.vocabularies.Communication.v1"/>
	</edmx:Reference>
	<edmx:Reference Uri="https://oasis-tcs.github.io/odata-vocabularies/vocabularies/Org.OData.Core.V1.xml">
		<edmx:Include Alias="Core" Namespace="Org.OData.Core.V1"/>
	</edmx:Reference>
	<edmx:Reference Uri="https://oasis-tcs.github.io/odata-vocabularies/vocabularies/Org.OData.Measures.V1.xml">
		<edmx:Include Alias="Measures" Namespace="Org.OData.Measures.V1"/>
	</edmx:Reference>
	<edmx:Reference Uri="https://wiki.scn.sap.com/wiki/download/attachments/448470968/UI.xml?api=v2">
		<edmx:Include Alias="UI" Namespace="com.sap.vocabularies.UI.v1"/>
	</edmx:Reference>
	<edmx:Reference Uri="https://oasis-tcs.github.io/odata-vocabularies/vocabularies/Org.OData.Validation.V1.xml">
		<edmx:Include Alias="Validation" Namespace="Org.OData.Validation.V1"/>
	</edmx:Reference>
	<edmx:DataServices>
		<Schema xmlns="http://docs.oasis-open.org/odata/ns/edm"/>
	</edmx:DataServices>
<!--		<Annotations xmlns="http://docs.oasis-open.org/odata/ns/edm" Target="DummyNamespace.ProductType/MainProductCategory">
			<Annotation Term="Common.ValueList">
				<Record>
					<PropertyValue Property="Label" String="Main Category"/>
					<PropertyValue Property="CollectionPath" String="I_ProductMainCategory"/>
					<PropertyValue Property="SearchSupported" Bool="true"/>
					<PropertyValue Property="Parameters">
						<Collection>
							<Record Type="Common.ValueListParameterInOut">
								<PropertyValue Property="LocalDataProperty" PropertyPath="MainProductCategory"/>
								<PropertyValue Property="ValueListProperty" String="MainProductCategory"/>
							</Record>
						</Collection>
					</PropertyValue>
				</Record>
			</Annotation>
			<Annotation Term="Common.ValueListWithFixedValues"/>
		</Annotations>
		<Annotations xmlns="http://docs.oasis-open.org/odata/ns/edm" Target="DummyNamespace.ProductCatVHType/MainProductCategory">
			<Annotation Term="Common.ValueList">
				<Record>
					<PropertyValue Property="Label" String="Sub-Category"/>
					<PropertyValue Property="CollectionPath" String="ProductMainCatVH"/>
					<PropertyValue Property="SearchSupported" Bool="true"/>
					<PropertyValue Property="Parameters">
						<Collection>
							<Record Type="Common.ValueListParameterInOut">
								<PropertyValue Property="LocalDataProperty" PropertyPath="MainProductCategory"/>
								<PropertyValue Property="ValueListProperty" String="MainProductCategory"/>
							</Record>
						</Collection>
					</PropertyValue>
				</Record>
			</Annotation>
			<Annotation Term="Common.ValueListWithFixedValues"/>
		</Annotations>
		<Annotations xmlns="http://docs.oasis-open.org/odata/ns/edm" Target="DummyNamespace.ProductVHType/ProductCategory">
			<Annotation Term="Common.ValueList">
				<Record>
					<PropertyValue Property="Label" String="Sub-Category"/>
					<PropertyValue Property="CollectionPath" String="ProductCatVH"/>
					<PropertyValue Property="SearchSupported" Bool="true"/>
					<PropertyValue Property="Parameters">
						<Collection>
							<Record Type="Common.ValueListParameterInOut">
								<PropertyValue Property="LocalDataProperty" PropertyPath="ProductCategory"/>
								<PropertyValue Property="ValueListProperty" String="ProductCategory"/>
							</Record>
							<Record Type="Common.ValueListParameterInOut">
								<PropertyValue Property="LocalDataProperty" PropertyPath="MainProductCategory"/>
								<PropertyValue Property="ValueListProperty" String="MainProductCategory"/>
							</Record>
						</Collection>
					</PropertyValue>
				</Record>
			</Annotation>
		</Annotations>
		<Annotations xmlns="http://docs.oasis-open.org/odata/ns/edm" Target="DummyNamespace.ProductVHType/MainProductCategory">
			<Annotation Term="Common.ValueList">
				<Record>
					<PropertyValue Property="Label" String="Category"/>
					<PropertyValue Property="CollectionPath" String="ProductMainCatVH"/>
					<PropertyValue Property="SearchSupported" Bool="true"/>
					<PropertyValue Property="Parameters">
						<Collection>
							<Record Type="Common.ValueListParameterInOut">
								<PropertyValue Property="LocalDataProperty" PropertyPath="MainProductCategory"/>
								<PropertyValue Property="ValueListProperty" String="MainProductCategory"/>
							</Record>
						</Collection>
					</PropertyValue>
				</Record>
			</Annotation>
			<Annotation Term="Common.ValueListWithFixedValues"/>
		</Annotations>
		<Annotations xmlns="http://docs.oasis-open.org/odata/ns/edm" Target="DummyNamespace.ProductVHType/Supplier">
			<Annotation Term="Common.ValueList">
				<Record>
					<PropertyValue Property="Label" String="Supplier"/>
					<PropertyValue Property="CollectionPath" String="SupplierVH"/>
					<PropertyValue Property="SearchSupported" Bool="true"/>
					<PropertyValue Property="Parameters">
						<Collection>
							<Record Type="Common.ValueListParameterInOut">
								<PropertyValue Property="LocalDataProperty" PropertyPath="Supplier"/>
								<PropertyValue Property="ValueListProperty" String="Supplier"/>
							</Record>
							<Record Type="Common.ValueListParameterDisplayOnly">
								<PropertyValue Property="ValueListProperty" String="CompanyName"/>
							</Record>
							<Record Type="Common.ValueListParameterDisplayOnly">
								<PropertyValue Property="ValueListProperty" String="Country"/>
							</Record>
						</Collection>
					</PropertyValue>
				</Record>
			</Annotation>
		</Annotations>
		<Annotations xmlns="http://docs.oasis-open.org/odata/ns/edm" Target="DummyNamespace.SalesOrderType/Customer">
			<Annotation Term="Common.ValueList">
				<Record>
					<PropertyValue Property="Label" String="Customer"/>
					<PropertyValue Property="CollectionPath" String="CustomerVH"/>
					<PropertyValue Property="SearchSupported" Bool="true"/>
					<PropertyValue Property="Parameters">
						<Collection>
							<Record Type="Common.ValueListParameterInOut">
								<PropertyValue Property="LocalDataProperty" PropertyPath="Customer"/>
								<PropertyValue Property="ValueListProperty" String="SoldToParty"/>
							</Record>
							<Record Type="Common.ValueListParameterDisplayOnly">
								<PropertyValue Property="ValueListProperty" String="CompanyName"/>
							</Record>
							<Record Type="Common.ValueListParameterDisplayOnly">
								<PropertyValue Property="ValueListProperty" String="Country"/>
							</Record>
						</Collection>
					</PropertyValue>
				</Record>
			</Annotation>
		</Annotations>
		<Annotations xmlns="http://docs.oasis-open.org/odata/ns/edm" Target="DummyNamespace.SalesOrderItemType/Product">
			<Annotation Term="Common.ValueList">
				<Record>
					<PropertyValue Property="Label" String="Product"/>
					<PropertyValue Property="CollectionPath" String="ProductVH"/>
					<PropertyValue Property="SearchSupported" Bool="true"/>
					<PropertyValue Property="Parameters">
						<Collection>
							<Record Type="Common.ValueListParameterInOut">
								<PropertyValue Property="LocalDataProperty" PropertyPath="Product"/>
								<PropertyValue Property="ValueListProperty" String="Product"/>
							</Record>
							<Record Type="Common.ValueListParameterDisplayOnly">
								<PropertyValue Property="ValueListProperty" String="ProductName"/>
							</Record>
							<Record Type="Common.ValueListParameterDisplayOnly">
								<PropertyValue Property="ValueListProperty" String="ProductDescription"/>
							</Record>
							<Record Type="Common.ValueListParameterDisplayOnly">
								<PropertyValue Property="ValueListProperty" String="ProductCategory"/>
							</Record>
							<Record Type="Common.ValueListParameterDisplayOnly">
								<PropertyValue Property="ValueListProperty" String="MainProductCategory"/>
							</Record>
							<Record Type="Common.ValueListParameterDisplayOnly">
								<PropertyValue Property="ValueListProperty" String="Supplier"/>
							</Record>
						</Collection>
					</PropertyValue>
				</Record>
			</Annotation>
		</Annotations>
		<Annotations xmlns="http://docs.oasis-open.org/odata/ns/edm" Target="DummyNamespace.SO_SALESORDERANALYSISType/DeliveryCalendarDate">
			<Annotation Term="Common.ValueList" Qualifier="VisualFilter">
				<Record>
					<PropertyValue Property="Label" String="DeliveryCalendarDate"/>
					<PropertyValue Property="CollectionPath" String="SO_ALP_SLDORDERITEM"/>
					<PropertyValue Property="SearchSupported" Bool="false"/>
					<PropertyValue Property="PresentationVariantQualifier" String="FilterQuantityByDate"/>
					<PropertyValue Property="Parameters">
						<Collection>
							<Record Type="Common.ValueListParameterInOut">
								<PropertyValue Property="LocalDataProperty" PropertyPath="SalesOrder"/>
								<PropertyValue Property="ValueListProperty" String="SalesOrder"/>
							</Record>
							<Record Type="Common.ValueListParameterInOut">
								<PropertyValue Property="LocalDataProperty" PropertyPath="SalesOrderItem"/>
								<PropertyValue Property="ValueListProperty" String="SalesOrderItem"/>
							</Record>
							<Record Type="Common.ValueListParameterInOut">
								<PropertyValue Property="LocalDataProperty" PropertyPath="Quantity"/>
								<PropertyValue Property="ValueListProperty" String="Quantity"/>
							</Record>
							<Record Type="Common.ValueListParameterInOut">
								<PropertyValue Property="LocalDataProperty" PropertyPath="Currency"/>
								<PropertyValue Property="ValueListProperty" String="NetAmountInTransactionCurrency"/>
							</Record>
							<Record Type="Common.ValueListParameterInOut">
								<PropertyValue Property="LocalDataProperty" PropertyPath="DeliveryCalendarDate"/>
								<PropertyValue Property="ValueListProperty" String="DeliveryDate"/>
							</Record>
							<Record Type="Common.ValueListParameterInOut">
								<PropertyValue Property="LocalDataProperty" PropertyPath="Product"/>
								<PropertyValue Property="ValueListProperty" String="Product"/>
							</Record>
							<Record Type="Common.ValueListParameterDisplayOnly">
								<PropertyValue Property="ValueListProperty" String="Product"/>
							</Record>
							<Record Type="Common.ValueListParameterDisplayOnly">
								<PropertyValue Property="ValueListProperty" String="QuantityUnit"/>
							</Record>
							<Record Type="Common.ValueListParameterDisplayOnly">
								<PropertyValue Property="ValueListProperty" String="QuantityUnit_T"/>
							</Record>
							<Record Type="Common.ValueListParameterDisplayOnly">
								<PropertyValue Property="ValueListProperty" String="TransactionCurrency"/>
							</Record>
							<Record Type="Common.ValueListParameterDisplayOnly">
								<PropertyValue Property="ValueListProperty" String="TransactionCurrency_T"/>
							</Record>
						</Collection>
					</PropertyValue>
				</Record>
			</Annotation>
		</Annotations>

		<Annotations xmlns="http://docs.oasis-open.org/odata/ns/edm" Target="DummyNamespace.SO_SALESORDERANALYSISType/DeliveryCalendarQuarter">
			<Annotation Term="Common.ValueList">
				<Record>
					<PropertyValue Property="Label" String="Quarter"/>
					<PropertyValue Property="CollectionPath" String="CalendarQuarterVH"/>
					<PropertyValue Property="SearchSupported" Bool="true"/>
					<PropertyValue Property="Parameters">
						<Collection>
							<Record Type="Common.ValueListParameterInOut">
								<PropertyValue Property="LocalDataProperty" PropertyPath="DeliveryCalendarQuarter"/>
								<PropertyValue Property="ValueListProperty" String="CalendarQuarter"/>
							</Record>
							<Record Type="Common.ValueListParameterDisplayOnly">
								<PropertyValue Property="ValueListProperty" String="CalendarQuarterT"/>
							</Record>
						</Collection>
					</PropertyValue>
				</Record>
			</Annotation>
			<Annotation Term="Common.ValueListWithFixedValues"/>
		</Annotations>
		<Annotations xmlns="http://docs.oasis-open.org/odata/ns/edm" Target="DummyNamespace.SO_SALESORDERANALYSISType/DeliveryCalendarMonth">
			<Annotation Term="Common.ValueList">
				<Record>
					<PropertyValue Property="Label" String="Month"/>
					<PropertyValue Property="CollectionPath" String="CalendarMonthVH"/>
					<PropertyValue Property="SearchSupported" Bool="true"/>
					<PropertyValue Property="Parameters">
						<Collection>
							<Record Type="Common.ValueListParameterInOut">
								<PropertyValue Property="LocalDataProperty" PropertyPath="DeliveryCalendarMonth"/>
								<PropertyValue Property="ValueListProperty" String="CalendarMonth"/>
							</Record>
							<Record Type="Common.ValueListParameterDisplayOnly">
								<PropertyValue Property="ValueListProperty" String="CalendarMonthT"/>
							</Record>
						</Collection>
					</PropertyValue>
				</Record>
			</Annotation>
			<Annotation Term="Common.ValueListWithFixedValues"/>
		</Annotations>
		<Annotations xmlns="http://docs.oasis-open.org/odata/ns/edm" Target="DummyNamespace.SO_SALESORDERANALYSISType/Product">
			<Annotation Term="Common.ValueList" Qualifier="VisualFilter">
				<Record>
					<PropertyValue Property="Label" String="Product"/>
					<PropertyValue Property="CollectionPath" String="SO_ALP_SLDORDERITEM"/>
					<PropertyValue Property="SearchSupported" Bool="false"/>
					<PropertyValue Property="PresentationVariantQualifier" String="FilterQuantityByProduct"/>
					<PropertyValue Property="Parameters">
						<Collection>
							<Record Type="Common.ValueListParameterInOut">
								<PropertyValue Property="LocalDataProperty" PropertyPath="SalesOrder"/>
								<PropertyValue Property="ValueListProperty" String="SalesOrder"/>
							</Record>
							<Record Type="Common.ValueListParameterInOut">
								<PropertyValue Property="LocalDataProperty" PropertyPath="SalesOrderItem"/>
								<PropertyValue Property="ValueListProperty" String="SalesOrderItem"/>
							</Record>
							<Record Type="Common.ValueListParameterInOut">
								<PropertyValue Property="LocalDataProperty" PropertyPath="Product"/>
								<PropertyValue Property="ValueListProperty" String="Product"/>
							</Record>
							<Record Type="Common.ValueListParameterInOut">
								<PropertyValue Property="LocalDataProperty" PropertyPath="Quantity"/>
								<PropertyValue Property="ValueListProperty" String="Quantity"/>
							</Record>
							<Record Type="Common.ValueListParameterInOut">
								<PropertyValue Property="LocalDataProperty" PropertyPath="Currency"/>
								<PropertyValue Property="ValueListProperty" String="NetAmountInTransactionCurrency"/>
							</Record>
							<Record Type="Common.ValueListParameterDisplayOnly">
								<PropertyValue Property="ValueListProperty" String="QuantityUnit"/>
							</Record>
							<Record Type="Common.ValueListParameterDisplayOnly">
								<PropertyValue Property="ValueListProperty" String="QuantityUnit_T"/>
							</Record>
							<Record Type="Common.ValueListParameterDisplayOnly">
								<PropertyValue Property="ValueListProperty" String="TransactionCurrency"/>
							</Record>
							<Record Type="Common.ValueListParameterDisplayOnly">
								<PropertyValue Property="ValueListProperty" String="TransactionCurrency_T"/>
							</Record>
						</Collection>
					</PropertyValue>
				</Record>
			</Annotation>
			<Annotation Term="Common.ValueList">
				<Record>
					<PropertyValue Property="Label" String="Product"/>
					<PropertyValue Property="CollectionPath" String="ProductVH"/>
					<PropertyValue Property="SearchSupported" Bool="true"/>
					<PropertyValue Property="Parameters">
						<Collection>
							<Record Type="Common.ValueListParameterInOut">
								<PropertyValue Property="LocalDataProperty" PropertyPath="Product"/>
								<PropertyValue Property="ValueListProperty" String="Product"/>
							</Record>
							<Record Type="Common.ValueListParameterInOut">
								<PropertyValue Property="LocalDataProperty" PropertyPath="ProductCategory"/>
								<PropertyValue Property="ValueListProperty" String="ProductCategory"/>
							</Record>
							<Record Type="Common.ValueListParameterInOut">
								<PropertyValue Property="LocalDataProperty" PropertyPath="MainProductCategory"/>
								<PropertyValue Property="ValueListProperty" String="MainProductCategory"/>
							</Record>
							<Record Type="Common.ValueListParameterDisplayOnly">
								<PropertyValue Property="ValueListProperty" String="ProductName"/>
							</Record>
							<Record Type="Common.ValueListParameterDisplayOnly">
								<PropertyValue Property="ValueListProperty" String="ProductDescription"/>
							</Record>
							<Record Type="Common.ValueListParameterDisplayOnly">
								<PropertyValue Property="ValueListProperty" String="Supplier"/>
							</Record>
						</Collection>
					</PropertyValue>
				</Record>
			</Annotation>
		</Annotations>
		<Annotations xmlns="http://docs.oasis-open.org/odata/ns/edm" Target="DummyNamespace.SO_SALESORDERANALYSISType/ProductCategory">
			<Annotation Term="Common.ValueList">
				<Record>
					<PropertyValue Property="Label" String="Sub-Category"/>
					<PropertyValue Property="CollectionPath" String="ProductCatVH"/>
					<PropertyValue Property="SearchSupported" Bool="true"/>
					<PropertyValue Property="Parameters">
						<Collection>
							<Record Type="Common.ValueListParameterInOut">
								<PropertyValue Property="LocalDataProperty" PropertyPath="ProductCategory"/>
								<PropertyValue Property="ValueListProperty" String="ProductCategory"/>
							</Record>
							<Record Type="Common.ValueListParameterInOut">
								<PropertyValue Property="LocalDataProperty" PropertyPath="MainProductCategory"/>
								<PropertyValue Property="ValueListProperty" String="MainProductCategory"/>
							</Record>
						</Collection>
					</PropertyValue>
				</Record>
			</Annotation>
		</Annotations>
		<Annotations xmlns="http://docs.oasis-open.org/odata/ns/edm" Target="DummyNamespace.SO_SALESORDERANALYSISType/MainProductCategory">
			<Annotation Term="Common.ValueList">
				<Record>
					<PropertyValue Property="Label" String="Category"/>
					<PropertyValue Property="CollectionPath" String="ProductMainCatVH"/>
					<PropertyValue Property="SearchSupported" Bool="true"/>
					<PropertyValue Property="Parameters">
						<Collection>
							<Record Type="Common.ValueListParameterInOut">
								<PropertyValue Property="LocalDataProperty" PropertyPath="MainProductCategory"/>
								<PropertyValue Property="ValueListProperty" String="MainProductCategory"/>
							</Record>
						</Collection>
					</PropertyValue>
				</Record>
			</Annotation>
			<Annotation Term="Common.ValueListWithFixedValues"/>
		</Annotations>
		<Annotations xmlns="http://docs.oasis-open.org/odata/ns/edm" Target="DummyNamespace.SO_SALESORDERANALYSISType/SalesOrderOverallStatus">
			<Annotation Term="Common.ValueList">
				<Record>
					<PropertyValue Property="Label" String="Overall Status"/>
					<PropertyValue Property="CollectionPath" String="SlsOrdStatusVH"/>
					<PropertyValue Property="SearchSupported" Bool="true"/>
					<PropertyValue Property="Parameters">
						<Collection>
							<Record Type="Common.ValueListParameterInOut">
								<PropertyValue Property="LocalDataProperty" PropertyPath="SalesOrderOverallStatus"/>
								<PropertyValue Property="ValueListProperty" String="SalesOrderOverallStatus"/>
							</Record>
							<Record Type="Common.ValueListParameterDisplayOnly">
								<PropertyValue Property="ValueListProperty" String="SalesOrderOverallStatus_Text"/>
							</Record>
						</Collection>
					</PropertyValue>
				</Record>
			</Annotation>
			<Annotation Term="Common.ValueListWithFixedValues"/>
		</Annotations>
		<Annotations xmlns="http://docs.oasis-open.org/odata/ns/edm" Target="DummyNamespace.SO_SALESORDERANALYSISType/SoldToParty">
			<Annotation Term="Common.ValueList">
				<Record>
					<PropertyValue Property="Label" String="Customer"/>
					<PropertyValue Property="CollectionPath" String="CustomerVH"/>
					<PropertyValue Property="SearchSupported" Bool="true"/>
					<PropertyValue Property="Parameters">
						<Collection>
							<Record Type="Common.ValueListParameterInOut">
								<PropertyValue Property="LocalDataProperty" PropertyPath="SoldToParty"/>
								<PropertyValue Property="ValueListProperty" String="SoldToParty"/>
							</Record>
							<Record Type="Common.ValueListParameterDisplayOnly">
								<PropertyValue Property="ValueListProperty" String="CompanyName"/>
							</Record>
							<Record Type="Common.ValueListParameterDisplayOnly">
								<PropertyValue Property="ValueListProperty" String="Country"/>
							</Record>
						</Collection>
					</PropertyValue>
				</Record>
			</Annotation>
		</Annotations>
		<Annotations xmlns="http://docs.oasis-open.org/odata/ns/edm" Target="DummyNamespace.DummyNamespace_Entities">
			<Annotation Term="Aggregation.ApplySupported">
				<Record>
					<PropertyValue Property="Transformations">
						<Collection>
							<String>aggregate</String>
							<String>groupby</String>
							<String>filter</String>
						</Collection>
					</PropertyValue>
					<PropertyValue Property="Rollup" EnumMember="None"/>
				</Record>
			</Annotation>
		</Annotations>
		<Annotations xmlns="http://docs.oasis-open.org/odata/ns/edm"
			Target="DummyNamespace.DummyNamespace_Entities/TotalSalesKPI">
			<Annotation Term="Capabilities.FilterRestrictions">
				<Record>
					<PropertyValue Property="NonFilterableProperties">
						<Collection>
							<PropertyPath>ID</PropertyPath>
							<PropertyPath>KPIValue</PropertyPath>
							<PropertyPath>ReferenceValue</PropertyPath>
							<PropertyPath>KPITargetValue</PropertyPath>
							<PropertyPath>KPIDeviationRangeLowValue</PropertyPath>
							<PropertyPath>KPIToleranceRangeLowValue</PropertyPath>
						</Collection>
					</PropertyValue>
				</Record>
			</Annotation>
			<Annotation Term="Capabilities.SortRestrictions">
				<Record>
					<PropertyValue Property="NonSortableProperties">
						<Collection>
							<PropertyPath>ID</PropertyPath>
						</Collection>
					</PropertyValue>
				</Record>
			</Annotation>
		</Annotations>
		<Annotations xmlns="http://docs.oasis-open.org/odata/ns/edm"
			Target="DummyNamespace.DummyNamespace_Entities/SO_ALP_SLDORDERITEM">
			<Annotation Term="Capabilities.FilterRestrictions">
				<Record>
					<PropertyValue Property="NonFilterableProperties">
						<Collection>
							<PropertyPath>ID</PropertyPath>
							<PropertyPath>Quantity</PropertyPath>
							<PropertyPath>NetAmountInTransactionCurrency</PropertyPath>
						</Collection>
					</PropertyValue>
				</Record>
			</Annotation>
			<Annotation Term="Capabilities.SortRestrictions">
				<Record>
					<PropertyValue Property="NonSortableProperties">
						<Collection>
							<PropertyPath>ID</PropertyPath>
						</Collection>
					</PropertyValue>
				</Record>
			</Annotation>
		</Annotations>
		<Annotations xmlns="http://docs.oasis-open.org/odata/ns/edm"
			Target="DummyNamespace.DummyNamespace_Entities/SO_ALP_TOTALSalesKPI">
			<Annotation Term="Capabilities.FilterRestrictions">
				<Record>
					<PropertyValue Property="NonFilterableProperties">
						<Collection>
							<PropertyPath>ID</PropertyPath>
							<PropertyPath>KPIValue</PropertyPath>
							<PropertyPath>ReferenceValue</PropertyPath>
							<PropertyPath>KPITargetValue</PropertyPath>
							<PropertyPath>KPIDeviationRangeLowValue</PropertyPath>
							<PropertyPath>KPIToleranceRangeLowValue</PropertyPath>
						</Collection>
					</PropertyValue>
				</Record>
			</Annotation>
			<Annotation Term="Capabilities.SortRestrictions">
				<Record>
					<PropertyValue Property="NonSortableProperties">
						<Collection>
							<PropertyPath>ID</PropertyPath>
						</Collection>
					</PropertyValue>
				</Record>
			</Annotation>
		</Annotations>
		<Annotations xmlns="http://docs.oasis-open.org/odata/ns/edm" Target="DummyNamespace.DummyNamespace_Entities/SO_SALESORDERANALYSIS">
			<Annotation Term="Capabilities.FilterRestrictions">
				<Record>
					<PropertyValue Property="RequiresFilter" Bool="true"/>
					<PropertyValue Property="NonFilterableProperties">
						<Collection>
							<PropertyPath>ID</PropertyPath>
							<PropertyPath>NetProductPrice</PropertyPath>
							<PropertyPath>GrossAmount</PropertyPath>
							<PropertyPath>NetAmount</PropertyPath>
							<PropertyPath>TaxAmount</PropertyPath>
							<PropertyPath>Quantity</PropertyPath>
						</Collection>
					</PropertyValue>
					<PropertyValue Property="FilterExpressionRestrictions">
						<Collection>
							<Record>
								<PropertyValue Property="Property" PropertyPath="DeliveryCalendarDate"/>
								<PropertyValue Property="AllowedExpressions" String="SingleValue"/>
							</Record>
							<Record>
								<PropertyValue Property="Property" PropertyPath="DeliveryCalendarMonth"/>
								<PropertyValue Property="AllowedExpressions" String="SingleValue"/>
							</Record>
							<Record>
								<PropertyValue Property="Property" PropertyPath="Product"/>
								<PropertyValue Property="AllowedExpressions" String="SingleValue"/>
							</Record>
							<Record>
								<PropertyValue Property="Property" PropertyPath="SoldToParty"/>
								<PropertyValue Property="AllowedExpressions" String="SingleValue"/>
							</Record>
							<Record>
								<PropertyValue Property="Property" PropertyPath="Supplier"/>
								<PropertyValue Property="AllowedExpressions" String="SingleValue"/>
							</Record>
							<Record>
								<PropertyValue Property="Property" PropertyPath="Currency"/>
								<PropertyValue Property="AllowedExpressions" String="MultiValue"/>
							</Record>
						</Collection>
					</PropertyValue>
					<PropertyValue Property="RequiredProperties">
						<Collection>
							<PropertyPath>Currency</PropertyPath>
						</Collection>
					</PropertyValue>
				</Record>
			</Annotation>
			<Annotation Term="Capabilities.SortRestrictions">
				<Record>
					<PropertyValue Property="NonSortableProperties">
						<Collection>
							<PropertyPath>ID</PropertyPath>
						</Collection>
					</PropertyValue>
				</Record>
			</Annotation>
		</Annotations>
		<Annotations xmlns="http://docs.oasis-open.org/odata/ns/edm" Target="DummyNamespace.ProductVHType">
			<Annotation Term="Common.SemanticKey">
				<Collection>
					<PropertyPath>Product</PropertyPath>
				</Collection>
			</Annotation>
		</Annotations>
		<Annotations xmlns="http://docs.oasis-open.org/odata/ns/edm" Target="DummyNamespace.SO_SALESORDERANALYSISType">
			<Annotation Term="Common.SemanticKey">
				<Collection>
					<PropertyPath>SalesOrderItem</PropertyPath>
					<PropertyPath>SalesOrder</PropertyPath>
				</Collection>
			</Annotation>
			<Annotation Term="UI.KPI" Qualifier="KPIRevenueForCustomer">
				<Record>
					<PropertyValue Property="DataPoint" Path="@UI.DataPoint#DPForRevenueForCustomer"/>
					<PropertyValue Property="SelectionVariant" Path="@UI.SelectionVariant#SVForRevenueForCustomer"/>
					<PropertyValue Property="ID" String="KPI.RevenueForCustomer"/>
					<PropertyValue Property="Detail">
						<Record Type="UI.KPIDetailType">
							<PropertyValue Property="SemanticObject" String="alptechapp"/>
							<PropertyValue Property="Action" String="alptechapp"/>
							<PropertyValue Property="DefaultPresentationVariant" Path="@UI.PresentationVariant#PVForRevenueForCustomer"/>
						</Record>
					</PropertyValue>
				</Record>
			</Annotation>
			<Annotation Term="com.sap.vocabularies.UI.v1.DataPoint" Qualifier="DPForRevenueForCustomer">
				<Record Type="com.sap.vocabularies.UI.v1.DataPointType">
					<PropertyValue Property="Title" String="NetAmount by Customer Company Name"/>
					<PropertyValue Property="Description" String="About Revenue"/>
					<PropertyValue Property="Value" Path="NetAmount"/>
					<PropertyValue Property="Criticality" EnumMember="com.sap.vocabularies.UI.v1.CriticalityType/Neutral"/>
					<PropertyValue Property="ValueFormat">
						<Record>
							<PropertyValue Property="ScaleFactor" Decimal="1000000"/>
							<PropertyValue Property="NumberOfFractionalDigits" Int="1"/>
						</Record>
					</PropertyValue>
				</Record>
			</Annotation>
			<Annotation Term="com.sap.vocabularies.UI.v1.PresentationVariant" Qualifier="PVForRevenueForCustomer">
				<Record>
					<PropertyValue Property="SortOrder">
						<Collection>
							<Record Type="Common.SortOrderType">
								<PropertyValue Property="Property" PropertyPath="NetAmount"/>
								<PropertyValue Property="Descending" Bool="true"/>
							</Record>
						</Collection>
					</PropertyValue>
					<PropertyValue Property="MaxItems" Int="10"/>
					<PropertyValue Property="Visualizations">
						<Collection>
							<AnnotationPath>@com.sap.vocabularies.UI.v1.Chart#RevenueForCustomerChart</AnnotationPath>
							<AnnotationPath>@com.sap.vocabularies.UI.v1.DataPoint#DPForRevenueForCustomer</AnnotationPath>
						</Collection>
					</PropertyValue>
				</Record>
			</Annotation>
			<Annotation Term="UI.SelectionVariant" Qualifier="SVForRevenueForCustomer">
				<Record>
					<PropertyValue Property="Text" String="Default"/>
				</Record>
			</Annotation>
			<Annotation Term="com.sap.vocabularies.UI.v1.Chart" Qualifier="RevenueForCustomerChart">
				<Record>
					<PropertyValue Property="Title" String="Revenue By Product"/>
					<PropertyValue Property="MeasureAttributes">
						<Collection>
							<Record Type="com.sap.vocabularies.UI.v1.ChartMeasureAttributeType">
								<PropertyValue Property="Measure" PropertyPath="NetAmount"/>
								<PropertyValue Property="Role" EnumMember="com.sap.vocabularies.UI.v1.ChartMeasureRoleType/Axis1"/>
							</Record>
							<Record Type="com.sap.vocabularies.UI.v1.ChartMeasureAttributeType">
								<PropertyValue Property="Measure" PropertyPath="TaxAmount"/>
								<PropertyValue Property="Role" EnumMember="com.sap.vocabularies.UI.v1.ChartMeasureRoleType/Axis2"/>
							</Record>
						</Collection>
					</PropertyValue>
					<PropertyValue Property="DimensionAttributes">
						<Collection>
							<Record Type="com.sap.vocabularies.UI.v1.ChartDimensionAttributeType">
								<PropertyValue Property="Dimension" PropertyPath="Product"/>
								<PropertyValue Property="Role" EnumMember="com.sap.vocabularies.UI.v1.ChartDimensionRoleType/Category"/>
							</Record>
						</Collection>
					</PropertyValue>
					<PropertyValue Property="ChartType" EnumMember="UI.ChartType/Bar"/>
					<PropertyValue Property="Description" String="Revenue by Product"/>
				</Record>
			</Annotation>
		</Annotations>-->

</edmx:Edmx>